{"Loss/train": 2.738741159439087, "acc1/train": 34.92641067504883, "acc5/train": 60.91144561767578, "_timestamp": 1657392644, "_runtime": 5190, "_step": 2567, "Loss/val": 3.22608477473259, "acc1/val": 31.393999099731445, "acc5/val": 57.459999084472656, "lr": 0.0, "_wandb": {"runtime": 5192}}