{"Loss/train": 2.156526565551758, "acc1/train": 39.154693603515625, "acc5/train": 65.51119232177734, "_timestamp": 1657085529, "_runtime": 9800, "_step": 5129, "Loss/val": 2.8557122385501863, "acc1/val": 37.465999603271484, "acc5/val": 63.5620002746582, "lr": 0.0}